sha256	size	source_path	target_path
29d1ed4c108784fd51ba0c57cab68a7ff5f9ccf537dfdd8e72e11542996701f8	31245	/Users/fan/Documents/视频工厂-worktrees/copy-sample-rhythm-extract-20260429/codex_log/latest.md	/Users/fan/Documents/视频工厂/归档_archive/外部工作区回收_external_workspace_recovery_20260502/视频工厂-worktrees/copy-sample-rhythm-extract-20260429/codex_log/latest.md
c19e261f31c1f13464a4a3466059ef6f71c890c8e9a54fd9f597f446830e74e8	50652	/Users/fan/Documents/视频工厂_clean_user_readable_map_20260430/codex_source/locked_reference_registry.md	/Users/fan/Documents/视频工厂/归档_archive/外部工作区回收_external_workspace_recovery_20260502/视频工厂_clean_user_readable_map_20260430/codex_source/locked_reference_registry.md
747b9dadb91354925822a6bf7e0ed4d08b8cfb1ef64b47fc708e28de5cf6c70c	9508	/Users/fan/Documents/视频工厂_clean_user_readable_map_20260430/codex_source/14_locked_reference_inheritance_rules.md	/Users/fan/Documents/视频工厂/归档_archive/外部工作区回收_external_workspace_recovery_20260502/视频工厂_clean_user_readable_map_20260430/codex_source/14_locked_reference_inheritance_rules.md
2115cbd594f95278102e6c4aceb9a8c4e706ed883442b18e7f8d276fc918af38	11122	/Users/fan/Documents/视频工厂_clean_user_readable_map_20260430/codex_source/01_execution_rules.md	/Users/fan/Documents/视频工厂/归档_archive/外部工作区回收_external_workspace_recovery_20260502/视频工厂_clean_user_readable_map_20260430/codex_source/01_execution_rules.md
a9db7c9c264b4bbab7f8488c6ed769eb89fbfb561ae112735128d2565ead6d91	10865	/Users/fan/Documents/视频工厂_clean_user_readable_map_20260430/codex_source/00_codex_readme.md	/Users/fan/Documents/视频工厂/归档_archive/外部工作区回收_external_workspace_recovery_20260502/视频工厂_clean_user_readable_map_20260430/codex_source/00_codex_readme.md
c75a595fb9d40052f95d27b48ac3810a6c3c86be79df6bd925774612745cdb7f	4720	/Users/fan/Documents/视频工厂_clean_user_readable_map_20260430/codex_log/20260430_local_artifact_path_index.md	/Users/fan/Documents/视频工厂/归档_archive/外部工作区回收_external_workspace_recovery_20260502/视频工厂_clean_user_readable_map_20260430/codex_log/20260430_local_artifact_path_index.md
6d9db8128cf0a01eec6fa6368670fdfb56587499f792b47bf51dde864ab13ae7	6531	/Users/fan/Documents/视频工厂_clean_user_readable_map_20260430/codex_log/20260430_locked_reference_inheritance_mechanism.md	/Users/fan/Documents/视频工厂/归档_archive/外部工作区回收_external_workspace_recovery_20260502/视频工厂_clean_user_readable_map_20260430/codex_log/20260430_locked_reference_inheritance_mechanism.md
0873b89238b48a21ead83cf0a28b052b23091918e9e7fce6f44eedfcd9dbb8b0	42975	/Users/fan/Documents/视频工厂_clean_user_readable_map_20260430/codex_log/latest.md	/Users/fan/Documents/视频工厂/归档_archive/外部工作区回收_external_workspace_recovery_20260502/视频工厂_clean_user_readable_map_20260430/codex_log/latest.md
b74b147e88e087371028e715c54113f6e8605c9d0b4f138c2782c1fe9819eebe	5995	/Users/fan/Documents/视频工厂_clean_user_readable_map_20260430/codex_log/current_local_artifact_paths.md	/Users/fan/Documents/视频工厂/归档_archive/外部工作区回收_external_workspace_recovery_20260502/视频工厂_clean_user_readable_map_20260430/codex_log/current_local_artifact_paths.md
aa4405f28c1b545b27576ad4fdf4b637a2b4d0dac944ef67e0464864b73865e5	2416	/Users/fan/Documents/视频工厂_clean_user_readable_map_20260430/codex_log/20260430_video_metadata_probe_smoke_test.md	/Users/fan/Documents/视频工厂/归档_archive/外部工作区回收_external_workspace_recovery_20260502/视频工厂_clean_user_readable_map_20260430/codex_log/20260430_video_metadata_probe_smoke_test.md
a5d97603b97a9de7ab209310165b2f13491a35d6578f1db4223c2d1886d9a69b	8943	/Users/fan/Documents/视频工厂_clean_user_readable_map_20260430/codex_log/20260430_locked_reference_registry_full_recovery.md	/Users/fan/Documents/视频工厂/归档_archive/外部工作区回收_external_workspace_recovery_20260502/视频工厂_clean_user_readable_map_20260430/codex_log/20260430_locked_reference_registry_full_recovery.md
427a33d1120ae47d18361345cd03500043466ad907f24679a025bd9623a5c583	3770	/Users/fan/Documents/视频工厂_clean_user_readable_map_20260430/codex_log/20260430_middle_zoom_reference_locked.md	/Users/fan/Documents/视频工厂/归档_archive/外部工作区回收_external_workspace_recovery_20260502/视频工厂_clean_user_readable_map_20260430/codex_log/20260430_middle_zoom_reference_locked.md
36ea6335800ddd01520eb0d2f14074b8f297cbf8430b9e4514a664f09ac745fe	4084	/Users/fan/Documents/视频工厂_clean_user_readable_map_20260430/codex_log/20260430_video_metadata_probe_skill_setup.md	/Users/fan/Documents/视频工厂/归档_archive/外部工作区回收_external_workspace_recovery_20260502/视频工厂_clean_user_readable_map_20260430/codex_log/20260430_video_metadata_probe_skill_setup.md
c37dfe52f4d9858cc5e88e318fd97ccb39a3f948712c264fcd5c96174dc6b3b8	2644	/Users/fan/Documents/视频工厂_clean_user_readable_map_20260430/codex_log/20260430_可爱风格卡片页参考核查.md	/Users/fan/Documents/视频工厂/归档_archive/外部工作区回收_external_workspace_recovery_20260502/视频工厂_clean_user_readable_map_20260430/codex_log/20260430_可爱风格卡片页参考核查.md
8432466658725c778cbe89bbe3b8024e418eb6f2270d50c818f31dea3e7bd472	8075	/Users/fan/Documents/视频工厂_clean_user_readable_map_20260430/codex_log/20260430_card_visual_quality_reference_for_v3.md	/Users/fan/Documents/视频工厂/归档_archive/外部工作区回收_external_workspace_recovery_20260502/视频工厂_clean_user_readable_map_20260430/codex_log/20260430_card_visual_quality_reference_for_v3.md
496ac4d92773c6ebb4a8c31932271db02ad7f3071c72252ec4fec5eecc7ec02f	17775	/Users/fan/Documents/视频工厂_locked_reference_inheritance_20260430/codex_source/locked_reference_registry.md	/Users/fan/Documents/视频工厂/归档_archive/外部工作区回收_external_workspace_recovery_20260502/视频工厂_locked_reference_inheritance_20260430/codex_source/locked_reference_registry.md
01eeb7f43ae60f80b8b11df9ba8792dd875bf2ca61ca8e6a34c5cd919ccd7a49	9999	/Users/fan/Documents/视频工厂_locked_reference_inheritance_20260430/codex_source/01_execution_rules.md	/Users/fan/Documents/视频工厂/归档_archive/外部工作区回收_external_workspace_recovery_20260502/视频工厂_locked_reference_inheritance_20260430/codex_source/01_execution_rules.md
a49ec1b176d842ef6b075b5136b8e0918542ddb62380268da9495e6049063db8	10246	/Users/fan/Documents/视频工厂_locked_reference_inheritance_20260430/codex_source/00_codex_readme.md	/Users/fan/Documents/视频工厂/归档_archive/外部工作区回收_external_workspace_recovery_20260502/视频工厂_locked_reference_inheritance_20260430/codex_source/00_codex_readme.md
2422636101105b66e26133a779a1cb25a4af6aee2c8e7feb7e5ff77b4e227bcf	32091	/Users/fan/Documents/视频工厂_locked_reference_inheritance_20260430/codex_log/latest.md	/Users/fan/Documents/视频工厂/归档_archive/外部工作区回收_external_workspace_recovery_20260502/视频工厂_locked_reference_inheritance_20260430/codex_log/latest.md
579a198773bc01dfcf74f88b6dc0bdc8014c54052242fdd6468b6cc6115ebbcf	11372	/Users/fan/Documents/视频工厂_repo_cleanup_old_context_20260502/AGENTS.md	/Users/fan/Documents/视频工厂/归档_archive/外部工作区回收_external_workspace_recovery_20260502/视频工厂_repo_cleanup_old_context_20260502/AGENTS.md
4c745e87d260b3fdd7c15b832c09566dda029ade03d02d9dc3c120468a9e2e31	2722	/Users/fan/Documents/视频工厂_repo_cleanup_old_context_20260502/dist/latest_review_pack/review_manifest.md	/Users/fan/Documents/视频工厂/归档_archive/外部工作区回收_external_workspace_recovery_20260502/视频工厂_repo_cleanup_old_context_20260502/dist/latest_review_pack/review_manifest.md
fc4a5b9f3544ed30e68c08b9da0aba68aa6b800756c67b16d4f4916bf35ba4c7	5777	/Users/fan/Documents/视频工厂_repo_cleanup_old_context_20260502/dist/latest_review_pack/summary.json	/Users/fan/Documents/视频工厂/归档_archive/外部工作区回收_external_workspace_recovery_20260502/视频工厂_repo_cleanup_old_context_20260502/dist/latest_review_pack/summary.json
c598235f218f6d0fff047eded728e60651cd6b7e5d4b53ad998e78de7011b685	1787	/Users/fan/Documents/视频工厂_repo_cleanup_old_context_20260502/dist/latest_review_pack/visual_quality_verdict.json	/Users/fan/Documents/视频工厂/归档_archive/外部工作区回收_external_workspace_recovery_20260502/视频工厂_repo_cleanup_old_context_20260502/dist/latest_review_pack/visual_quality_verdict.json
a894bd21ba61d59e84332c31a72d491901c56f85091a891ffe3c4b9e635f8c0f	14623	/Users/fan/Documents/视频工厂_repo_cleanup_old_context_20260502/dist/latest_review_pack/AI做PPT踩坑_成品候选_v3_timeline.json	/Users/fan/Documents/视频工厂/归档_archive/外部工作区回收_external_workspace_recovery_20260502/视频工厂_repo_cleanup_old_context_20260502/dist/latest_review_pack/AI做PPT踩坑_成品候选_v3_timeline.json
5bdab6ff0f937376b7dd966b59da0edb7dbd1f9a5090412111fbe6b801c2a065	3379	/Users/fan/Documents/视频工厂_repo_cleanup_old_context_20260502/dist/latest_review_pack/locked_reference_inheritance_report.md	/Users/fan/Documents/视频工厂/归档_archive/外部工作区回收_external_workspace_recovery_20260502/视频工厂_repo_cleanup_old_context_20260502/dist/latest_review_pack/locked_reference_inheritance_report.md
a5a6f98a36ee889441c3fa4a9b57c53dca26381e8ed5dd0745ccf104ba3fd86a	2485	/Users/fan/Documents/视频工厂_repo_cleanup_old_context_20260502/dist/latest_review_pack/cut_map.md	/Users/fan/Documents/视频工厂/归档_archive/外部工作区回收_external_workspace_recovery_20260502/视频工厂_repo_cleanup_old_context_20260502/dist/latest_review_pack/cut_map.md
5c1c55a15500e97237a73cd3e53388dfc9ca28f0dbb91bb6c04093e0879d1495	68733	/Users/fan/Documents/视频工厂_repo_cleanup_old_context_20260502/dist/latest_review_pack/AI做PPT踩坑_成品候选_v3_run_summary.json	/Users/fan/Documents/视频工厂/归档_archive/外部工作区回收_external_workspace_recovery_20260502/视频工厂_repo_cleanup_old_context_20260502/dist/latest_review_pack/AI做PPT踩坑_成品候选_v3_run_summary.json
dd69706e18cd972562a4f995583f080f6540b45131b5fa0efdce1b25d35fa384	4624	/Users/fan/Documents/视频工厂_repo_cleanup_old_context_20260502/复审包_review_packs/20260430_骚萌卡历史样本复审_sassy_card_reference_review/样本索引_sassy_sample_index.md	/Users/fan/Documents/视频工厂/归档_archive/外部工作区回收_external_workspace_recovery_20260502/视频工厂_repo_cleanup_old_context_20260502/复审包_review_packs/20260430_骚萌卡历史样本复审_sassy_card_reference_review/样本索引_sassy_sample_index.md
d2246ef5da2021a3b6bcf999dfb423f5d1c055ad76d1a088fa0aa42bef56a790	4753	/Users/fan/Documents/视频工厂_repo_cleanup_old_context_20260502/复审包_review_packs/20260430_骚萌卡历史样本复审_sassy_card_reference_review/视觉判断_sassy_visual_review.md	/Users/fan/Documents/视频工厂/归档_archive/外部工作区回收_external_workspace_recovery_20260502/视频工厂_repo_cleanup_old_context_20260502/复审包_review_packs/20260430_骚萌卡历史样本复审_sassy_card_reference_review/视觉判断_sassy_visual_review.md
7e46ac875caef9d9ba039c08a36d08b199b639028b61ed9cbe7ae040594a453f	2365	/Users/fan/Documents/视频工厂_repo_cleanup_old_context_20260502/复审包_review_packs/20260430_骚萌卡历史样本复审_sassy_card_reference_review/README_骚萌卡历史样本复审.md	/Users/fan/Documents/视频工厂/归档_archive/外部工作区回收_external_workspace_recovery_20260502/视频工厂_repo_cleanup_old_context_20260502/复审包_review_packs/20260430_骚萌卡历史样本复审_sassy_card_reference_review/README_骚萌卡历史样本复审.md
64bd92c23321fb1c6fc5a3c29be591d8478903c909c45f9dbd7817ef8784d93c	5409	/Users/fan/Documents/视频工厂_repo_cleanup_old_context_20260502/复审包_review_packs/20260430_可爱风格卡片页参考核查_cute_card_reference_audit/视觉判断_cute_card_visual_review.md	/Users/fan/Documents/视频工厂/归档_archive/外部工作区回收_external_workspace_recovery_20260502/视频工厂_repo_cleanup_old_context_20260502/复审包_review_packs/20260430_可爱风格卡片页参考核查_cute_card_reference_audit/视觉判断_cute_card_visual_review.md
ce85507e85a5ab996159b03f762d7e04f6e8545623d8fbaca166bec7de25e14c	60444	/Users/fan/Documents/视频工厂_repo_cleanup_old_context_20260502/codex_source/locked_reference_registry.md	/Users/fan/Documents/视频工厂/归档_archive/外部工作区回收_external_workspace_recovery_20260502/视频工厂_repo_cleanup_old_context_20260502/codex_source/locked_reference_registry.md
becb12a4c4e60832cf47d3b0c35cc9b85432b5273abd5546fe123e2d4ac406eb	9522	/Users/fan/Documents/视频工厂_repo_cleanup_old_context_20260502/codex_source/14_locked_reference_inheritance_rules.md	/Users/fan/Documents/视频工厂/归档_archive/外部工作区回收_external_workspace_recovery_20260502/视频工厂_repo_cleanup_old_context_20260502/codex_source/14_locked_reference_inheritance_rules.md
5683571d9895892119fd0d0dfaa4ac1067b0867709a7bfead6427aa41a582876	14106	/Users/fan/Documents/视频工厂_repo_cleanup_old_context_20260502/codex_source/01_execution_rules.md	/Users/fan/Documents/视频工厂/归档_archive/外部工作区回收_external_workspace_recovery_20260502/视频工厂_repo_cleanup_old_context_20260502/codex_source/01_execution_rules.md
71c02c8c27df44d09e0e9d24d44f39a988f37ab736598a76a58175ff97b88804	6664	/Users/fan/Documents/视频工厂_repo_cleanup_old_context_20260502/codex_source/15_v31视觉路由规则_v31_visual_routing_rules.md	/Users/fan/Documents/视频工厂/归档_archive/外部工作区回收_external_workspace_recovery_20260502/视频工厂_repo_cleanup_old_context_20260502/codex_source/15_v31视觉路由规则_v31_visual_routing_rules.md
5afb2591c04674d653fb4d36bc76d4ca7234d9823365cd2f680e6c0d1c29f4b2	13520	/Users/fan/Documents/视频工厂_repo_cleanup_old_context_20260502/codex_source/00_codex_readme.md	/Users/fan/Documents/视频工厂/归档_archive/外部工作区回收_external_workspace_recovery_20260502/视频工厂_repo_cleanup_old_context_20260502/codex_source/00_codex_readme.md
5cd4ece0098cf84ca4b4597837ae132ea264043af65ec6369ab92e7ed698d414	5756	/Users/fan/Documents/视频工厂_repo_cleanup_old_context_20260502/codex_log/20260501_v3技术里程碑与v31视觉参考锁定.md	/Users/fan/Documents/视频工厂/归档_archive/外部工作区回收_external_workspace_recovery_20260502/视频工厂_repo_cleanup_old_context_20260502/codex_log/20260501_v3技术里程碑与v31视觉参考锁定.md
cb2e253b35c9f1b82653441c92158a78968a5f7a8a95c9514e6e741c5cb11187	45833	/Users/fan/Documents/视频工厂_repo_cleanup_old_context_20260502/codex_log/latest.md	/Users/fan/Documents/视频工厂/归档_archive/外部工作区回收_external_workspace_recovery_20260502/视频工厂_repo_cleanup_old_context_20260502/codex_log/latest.md
affbacb166d89eba7d353caf9a7e8fd5ac24fdc1a6feb88bfe73db8d81169140	4303	/Users/fan/Documents/视频工厂_repo_cleanup_old_context_20260502/codex_log/current_publish_target_light_evidence.md	/Users/fan/Documents/视频工厂/归档_archive/外部工作区回收_external_workspace_recovery_20260502/视频工厂_repo_cleanup_old_context_20260502/codex_log/current_publish_target_light_evidence.md
628e58280bde18295e9531b25172b565017958996167a4b58592fa4a01e199f4	8840	/Users/fan/Documents/视频工厂_repo_cleanup_old_context_20260502/codex_log/current_local_artifact_paths.md	/Users/fan/Documents/视频工厂/归档_archive/外部工作区回收_external_workspace_recovery_20260502/视频工厂_repo_cleanup_old_context_20260502/codex_log/current_local_artifact_paths.md
14526e2e5602962b5038373006e51800e00ae6ea6412efe62e25102afabaff93	6247	/Users/fan/Documents/视频工厂_repo_cleanup_old_context_20260502/codex_log/20260502_仓库清理与旧口径归档.md	/Users/fan/Documents/视频工厂/归档_archive/外部工作区回收_external_workspace_recovery_20260502/视频工厂_repo_cleanup_old_context_20260502/codex_log/20260502_仓库清理与旧口径归档.md
27082289eeffeb62048930ffbdba024726e10a45ab024344b586fa852638b5d1	4316	/Users/fan/Documents/视频工厂_repo_cleanup_old_context_20260502/codex_log/current_publish_target.md	/Users/fan/Documents/视频工厂/归档_archive/外部工作区回收_external_workspace_recovery_20260502/视频工厂_repo_cleanup_old_context_20260502/codex_log/current_publish_target.md
8b344feaae78515fe7cb08aad8ba3fb9c0652d259bf0b86d0c8e87e17d709ce3	15091	/Users/fan/Documents/视频工厂_repo_cleanup_old_context_20260502/GPT数据源/08_当前正式事实.md	/Users/fan/Documents/视频工厂/归档_archive/外部工作区回收_external_workspace_recovery_20260502/视频工厂_repo_cleanup_old_context_20260502/GPT数据源/08_当前正式事实.md
363ead9915f1688992a352e8fe82a37601126aaad8b62b18f3c7cee24d22d8ef	1252	/Users/fan/Documents/视频工厂_repo_cleanup_old_context_20260502/归档_archive/旧口径_old_context_20260502/PR22_v3原始待复审口径_legacy_pr22_v3_pending_status.md	/Users/fan/Documents/视频工厂/归档_archive/外部工作区回收_external_workspace_recovery_20260502/视频工厂_repo_cleanup_old_context_20260502/归档_archive/旧口径_old_context_20260502/PR22_v3原始待复审口径_legacy_pr22_v3_pending_status.md
1001ba510c1f3fef1e13204a59cb0f8515e0b33306401aaa4f724ca263696a4b	1071	/Users/fan/Documents/视频工厂_repo_cleanup_old_context_20260502/归档_archive/旧口径_old_context_20260502/PR23_骚萌卡A优先旧判断_legacy_pr23_a_preference.md	/Users/fan/Documents/视频工厂/归档_archive/外部工作区回收_external_workspace_recovery_20260502/视频工厂_repo_cleanup_old_context_20260502/归档_archive/旧口径_old_context_20260502/PR23_骚萌卡A优先旧判断_legacy_pr23_a_preference.md
9fd271bb275b4afeb9b595444f09e29543485dca665da45fd6fb6d7a6297ea73	1861	/Users/fan/Documents/视频工厂_repo_cleanup_old_context_20260502/归档_archive/旧口径_old_context_20260502/README_归档说明_archive_readme.md	/Users/fan/Documents/视频工厂/归档_archive/外部工作区回收_external_workspace_recovery_20260502/视频工厂_repo_cleanup_old_context_20260502/归档_archive/旧口径_old_context_20260502/README_归档说明_archive_readme.md
9aa644427fc969e3905968154d2aacc7605e6b948fed6f87cc0a2ff389c1d20d	1123	/Users/fan/Documents/视频工厂_repo_cleanup_old_context_20260502/归档_archive/旧口径_old_context_20260502/可爱卡片旧route_suggestion_legacy_cute_route_suggestion.md	/Users/fan/Documents/视频工厂/归档_archive/外部工作区回收_external_workspace_recovery_20260502/视频工厂_repo_cleanup_old_context_20260502/归档_archive/旧口径_old_context_20260502/可爱卡片旧route_suggestion_legacy_cute_route_suggestion.md
9dcd057c47d47e2bc33a232d26504e303ccdd47ab3d5c806a66bb3824937401c	10130	/Users/fan/Documents/视频工厂_sassy-card-structure-budget-20260428/GPT 数据源/05_文案路由规则.md	/Users/fan/Documents/视频工厂/归档_archive/外部工作区回收_external_workspace_recovery_20260502/视频工厂_sassy-card-structure-budget-20260428/GPT 数据源/05_文案路由规则.md
a3924c3ab7b94d6a24601e5a05a20f83d5cea6f7bcb36a02810b96b114160df9	4065	/Users/fan/Documents/视频工厂_sassy-card-structure-budget-20260428/GPT 数据源/07_AI知识类视频价值规则.md	/Users/fan/Documents/视频工厂/归档_archive/外部工作区回收_external_workspace_recovery_20260502/视频工厂_sassy-card-structure-budget-20260428/GPT 数据源/07_AI知识类视频价值规则.md
fb4f6b2c6b0934dd54ab9a48c74f30d233f8414fb05cc75d391f1332154390e9	3548	/Users/fan/Documents/视频工厂_sassy-card-structure-budget-20260428/GPT 数据源/06_当前主线锚点_API生成真人_用户录制素材_少量PPT_云端剪辑.md	/Users/fan/Documents/视频工厂/归档_archive/外部工作区回收_external_workspace_recovery_20260502/视频工厂_sassy-card-structure-budget-20260428/GPT 数据源/06_当前主线锚点_API生成真人_用户录制素材_少量PPT_云端剪辑.md
0f78865c5a94f92cceffdcd90a722acd1fad96bf2478d2e71f7a7b19d81a45d6	32376	/Users/fan/Documents/视频工厂_sassy-card-structure-budget-20260428/codex_log/latest.md	/Users/fan/Documents/视频工厂/归档_archive/外部工作区回收_external_workspace_recovery_20260502/视频工厂_sassy-card-structure-budget-20260428/codex_log/latest.md
4a91109ed32df4cd222dc6ed02b3f6627fec99328f26d9b04234b1c049f6ed71	7847	/Users/fan/Documents/视频工厂_sassy-card-structure-budget-20260428/codex_log/20260428_方案B骚萌卡结构机制与节奏预算.md	/Users/fan/Documents/视频工厂/归档_archive/外部工作区回收_external_workspace_recovery_20260502/视频工厂_sassy-card-structure-budget-20260428/codex_log/20260428_方案B骚萌卡结构机制与节奏预算.md
f54467d824ffc84634bc22ed73a18c49621a89adcde5d23993326b9eb174419e	16158	/Users/fan/Documents/视频工厂_sassy-card-structure-budget-20260428/GPT数据源/05_文案路由规则.md	/Users/fan/Documents/视频工厂/归档_archive/外部工作区回收_external_workspace_recovery_20260502/视频工厂_sassy-card-structure-budget-20260428/GPT数据源/05_文案路由规则.md
701995b99fb24e0ac4c734a7dcb3a261bd82c86b485cf024e76a44f3f56e6af4	14338	/Users/fan/Documents/视频工厂_sassy-card-structure-budget-20260428/GPT数据源/08_当前正式事实.md	/Users/fan/Documents/视频工厂/归档_archive/外部工作区回收_external_workspace_recovery_20260502/视频工厂_sassy-card-structure-budget-20260428/GPT数据源/08_当前正式事实.md
a18abf38ae049778ebecb2d3b15bfe077c4d6a2286aa6050c3282442bb5f905a	17702	/Users/fan/Documents/视频工厂_sassy-card-structure-budget-20260428/GPT数据源/07_AI知识类视频价值规则.md	/Users/fan/Documents/视频工厂/归档_archive/外部工作区回收_external_workspace_recovery_20260502/视频工厂_sassy-card-structure-budget-20260428/GPT数据源/07_AI知识类视频价值规则.md
663576fdbeb9b1548ef756c1a52b1d6ff5b92c1a0d3b2a533646d679557aaf43	10422	/Users/fan/Documents/视频工厂_sassy-card-structure-budget-20260428/GPT数据源/06_当前主线锚点_API生成真人_用户录制素材_少量PPT_云端剪辑.md	/Users/fan/Documents/视频工厂/归档_archive/外部工作区回收_external_workspace_recovery_20260502/视频工厂_sassy-card-structure-budget-20260428/GPT数据源/06_当前主线锚点_API生成真人_用户录制素材_少量PPT_云端剪辑.md
81b3012ba3ac59268e3225805cffd005070f783d37264762ce2692acf2eeb367	32504	/Users/fan/Documents/视频工厂_v2_candidate_worktree/codex_log/latest.md	/Users/fan/Documents/视频工厂/归档_archive/外部工作区回收_external_workspace_recovery_20260502/视频工厂_v2_candidate_worktree/codex_log/latest.md
f4c6256a95ac27227bc6643696bd9cf8bf82ebb550af3aab06b98355f3178442	5169	/Users/fan/Documents/视频工厂_v2_candidate_worktree/codex_log/20260430_AI做PPT踩坑成品标准候选v2.md	/Users/fan/Documents/视频工厂/归档_archive/外部工作区回收_external_workspace_recovery_20260502/视频工厂_v2_candidate_worktree/codex_log/20260430_AI做PPT踩坑成品标准候选v2.md
c026c1e2c6490e5096a59aec5fde163468ee39f228e6e2d6841b5c6cc9013df2	12034	/Users/fan/Documents/视频工厂_v31_current_baseline_sync_20260502/AGENTS.md	/Users/fan/Documents/视频工厂/归档_archive/外部工作区回收_external_workspace_recovery_20260502/视频工厂_v31_current_baseline_sync_20260502/AGENTS.md
ccbf9b636358e3f59cb168e0941ff13b4856c705a983c68c3a57abeb808970a7	2699	/Users/fan/Documents/视频工厂_v31_current_baseline_sync_20260502/dist/latest_review_pack/review_manifest.md	/Users/fan/Documents/视频工厂/归档_archive/外部工作区回收_external_workspace_recovery_20260502/视频工厂_v31_current_baseline_sync_20260502/dist/latest_review_pack/review_manifest.md
760de8ff7d8b47dea328c62e7f731cc9990024452bdf22e04e9a55f7e94a415d	7506	/Users/fan/Documents/视频工厂_v31_current_baseline_sync_20260502/dist/latest_review_pack/summary.json	/Users/fan/Documents/视频工厂/归档_archive/外部工作区回收_external_workspace_recovery_20260502/视频工厂_v31_current_baseline_sync_20260502/dist/latest_review_pack/summary.json
28b2ade0a3b2f62c67d3fb1f3d327b00696ab0efd0e167c5a629d943c89eb493	3869	/Users/fan/Documents/视频工厂_v31_current_baseline_sync_20260502/dist/latest_review_pack/visual_route_validation_report.json	/Users/fan/Documents/视频工厂/归档_archive/外部工作区回收_external_workspace_recovery_20260502/视频工厂_v31_current_baseline_sync_20260502/dist/latest_review_pack/visual_route_validation_report.json
b46cda6e5c02ef90db0c06e0f165455b747a9a759fb82ebc283dc075ad9aa094	3531	/Users/fan/Documents/视频工厂_v31_current_baseline_sync_20260502/dist/latest_review_pack/locked_reference_inheritance_report.md	/Users/fan/Documents/视频工厂/归档_archive/外部工作区回收_external_workspace_recovery_20260502/视频工厂_v31_current_baseline_sync_20260502/dist/latest_review_pack/locked_reference_inheritance_report.md
4ee92dc2ddd07efe730eb77f36ac075695a575cde7032d8854f4782bf05ec22c	3253	/Users/fan/Documents/视频工厂_v31_current_baseline_sync_20260502/dist/latest_review_pack/cut_map.md	/Users/fan/Documents/视频工厂/归档_archive/外部工作区回收_external_workspace_recovery_20260502/视频工厂_v31_current_baseline_sync_20260502/dist/latest_review_pack/cut_map.md
c9185d81e57ebd1418f588877ded6c9cb52e393110a046ed4c27ddeda47fdb4b	12315	/Users/fan/Documents/视频工厂_v31_current_baseline_sync_20260502/dist/latest_review_pack/visual_route_map.json	/Users/fan/Documents/视频工厂/归档_archive/外部工作区回收_external_workspace_recovery_20260502/视频工厂_v31_current_baseline_sync_20260502/dist/latest_review_pack/visual_route_map.json
49d65f7a8a2e5220c47d37a240045dccd4ced84f357bf08abdd4f0584751dac8	92050	/Users/fan/Documents/视频工厂_v31_current_baseline_sync_20260502/dist/latest_review_pack/AI做PPT踩坑_成品候选_v31_run_summary.json	/Users/fan/Documents/视频工厂/归档_archive/外部工作区回收_external_workspace_recovery_20260502/视频工厂_v31_current_baseline_sync_20260502/dist/latest_review_pack/AI做PPT踩坑_成品候选_v31_run_summary.json
efb908d1664c972b308577e7b79a5936a556b8e5b4ac2b06494508bc94c88ca7	15231	/Users/fan/Documents/视频工厂_v31_current_baseline_sync_20260502/dist/latest_review_pack/timeline.json	/Users/fan/Documents/视频工厂/归档_archive/外部工作区回收_external_workspace_recovery_20260502/视频工厂_v31_current_baseline_sync_20260502/dist/latest_review_pack/timeline.json
163bda7520c942af4e69c203687a18ca940617f5705b30bb5af68fdd71197a4b	60497	/Users/fan/Documents/视频工厂_v31_current_baseline_sync_20260502/codex_source/locked_reference_registry.md	/Users/fan/Documents/视频工厂/归档_archive/外部工作区回收_external_workspace_recovery_20260502/视频工厂_v31_current_baseline_sync_20260502/codex_source/locked_reference_registry.md
c1cb007176882bc5431f9dba6b9a4ef67c824412799b2e59d364cdad0b3a6d24	15188	/Users/fan/Documents/视频工厂_v31_current_baseline_sync_20260502/codex_source/01_execution_rules.md	/Users/fan/Documents/视频工厂/归档_archive/外部工作区回收_external_workspace_recovery_20260502/视频工厂_v31_current_baseline_sync_20260502/codex_source/01_execution_rules.md
8f22fe26bc456d2acea482dc5d12948d1b0244fc2b8cef8b170f045b34b5dbce	7345	/Users/fan/Documents/视频工厂_v31_current_baseline_sync_20260502/codex_source/15_v31视觉路由规则_v31_visual_routing_rules.md	/Users/fan/Documents/视频工厂/归档_archive/外部工作区回收_external_workspace_recovery_20260502/视频工厂_v31_current_baseline_sync_20260502/codex_source/15_v31视觉路由规则_v31_visual_routing_rules.md
d29728d0619662c97625c757e54dedd095a8ca469f26b2ccea1e9a61f28d8f32	14357	/Users/fan/Documents/视频工厂_v31_current_baseline_sync_20260502/codex_source/00_codex_readme.md	/Users/fan/Documents/视频工厂/归档_archive/外部工作区回收_external_workspace_recovery_20260502/视频工厂_v31_current_baseline_sync_20260502/codex_source/00_codex_readme.md
7b0d458678dc638e20c62a2a6839a391d5135102598234aa903574eace3182d2	47490	/Users/fan/Documents/视频工厂_v31_current_baseline_sync_20260502/codex_log/latest.md	/Users/fan/Documents/视频工厂/归档_archive/外部工作区回收_external_workspace_recovery_20260502/视频工厂_v31_current_baseline_sync_20260502/codex_log/latest.md
788a4aeb59c4e2a8f92d719d1b52131a6b1aed20f3c386169a8a7ed4dbf683a2	3497	/Users/fan/Documents/视频工厂_v31_current_baseline_sync_20260502/codex_log/current_publish_target_light_evidence.md	/Users/fan/Documents/视频工厂/归档_archive/外部工作区回收_external_workspace_recovery_20260502/视频工厂_v31_current_baseline_sync_20260502/codex_log/current_publish_target_light_evidence.md
ba44ef166448be303ae37630c2b1de45cdbc78b7529c411e17dce16c467d79cb	9653	/Users/fan/Documents/视频工厂_v31_current_baseline_sync_20260502/codex_log/current_local_artifact_paths.md	/Users/fan/Documents/视频工厂/归档_archive/外部工作区回收_external_workspace_recovery_20260502/视频工厂_v31_current_baseline_sync_20260502/codex_log/current_local_artifact_paths.md
2f5ca2bc30edbf1406de8ddefaac6a33308ec1b8581430516d31816b6f2fead4	4297	/Users/fan/Documents/视频工厂_v31_current_baseline_sync_20260502/codex_log/20260502_v31当前基线切换与旧PR降噪.md	/Users/fan/Documents/视频工厂/归档_archive/外部工作区回收_external_workspace_recovery_20260502/视频工厂_v31_current_baseline_sync_20260502/codex_log/20260502_v31当前基线切换与旧PR降噪.md
38fb8ba3f2f145df369c1c9566e552e60176f7f5db73d1fe8387c3ad2ec7526e	4514	/Users/fan/Documents/视频工厂_v31_current_baseline_sync_20260502/codex_log/current_publish_target.md	/Users/fan/Documents/视频工厂/归档_archive/外部工作区回收_external_workspace_recovery_20260502/视频工厂_v31_current_baseline_sync_20260502/codex_log/current_publish_target.md
86b8a0547848371ddee63f391e82cd973871dcd88bd5e697fa85b86d7cacfb1c	3735	/Users/fan/Documents/视频工厂_v31_current_baseline_sync_20260502/codex_log/20260430_v31_visual_route_fix_generation.md	/Users/fan/Documents/视频工厂/归档_archive/外部工作区回收_external_workspace_recovery_20260502/视频工厂_v31_current_baseline_sync_20260502/codex_log/20260430_v31_visual_route_fix_generation.md
28a542c6af97fd79c0cc763a186822122ce75b40ee71215eefa9d3c8a174c690	17210	/Users/fan/Documents/视频工厂_v31_current_baseline_sync_20260502/GPT数据源/08_当前正式事实.md	/Users/fan/Documents/视频工厂/归档_archive/外部工作区回收_external_workspace_recovery_20260502/视频工厂_v31_current_baseline_sync_20260502/GPT数据源/08_当前正式事实.md
7fbcc80a91d8e8d67f95e3a2f7169c43dd66160077b7d1f78a67f42f4b20685f	53622	/Users/fan/Documents/视频工厂_v31_visual_route_fix/codex_source/locked_reference_registry.md	/Users/fan/Documents/视频工厂/归档_archive/外部工作区回收_external_workspace_recovery_20260502/视频工厂_v31_visual_route_fix/codex_source/locked_reference_registry.md
84b5abd319b960051547cb4086bc80cce2d81d8c81275230e0b0d58fcd36dc55	1543	/Users/fan/Documents/视频工厂_v31_visual_route_fix/codex_log/latest.md	/Users/fan/Documents/视频工厂/归档_archive/外部工作区回收_external_workspace_recovery_20260502/视频工厂_v31_visual_route_fix/codex_log/latest.md
97dc83e9d66973183f92829eb95f183a8ed85385bf9bc9c96595f1bb128924cf	992	/Users/fan/Documents/视频工厂_v31_visual_route_fix/codex_log/current_publish_target_light_evidence.md	/Users/fan/Documents/视频工厂/归档_archive/外部工作区回收_external_workspace_recovery_20260502/视频工厂_v31_visual_route_fix/codex_log/current_publish_target_light_evidence.md
9bd54e926813f693785e262c683937d0ed21d041daa59680dfcbc808bf5878b8	1619	/Users/fan/Documents/视频工厂_v31_visual_route_fix/codex_log/current_local_artifact_paths.md	/Users/fan/Documents/视频工厂/归档_archive/外部工作区回收_external_workspace_recovery_20260502/视频工厂_v31_visual_route_fix/codex_log/current_local_artifact_paths.md
71c6be30c50a52a7b6ed96c8f9e3a3be8f43b0cb8c866838edb18b4607dc7973	2400	/Users/fan/Documents/视频工厂_v31_visual_route_fix/codex_log/20260430_v3_finished_candidate_generation.md	/Users/fan/Documents/视频工厂/归档_archive/外部工作区回收_external_workspace_recovery_20260502/视频工厂_v31_visual_route_fix/codex_log/20260430_v3_finished_candidate_generation.md
9c0023042cb3045d9cd95a62bd436c6ed3b3de9a43d97385013910f01b642ba2	1664	/Users/fan/Documents/视频工厂_v31_visual_route_fix/codex_log/current_publish_target.md	/Users/fan/Documents/视频工厂/归档_archive/外部工作区回收_external_workspace_recovery_20260502/视频工厂_v31_visual_route_fix/codex_log/current_publish_target.md
7fe688e6482bab6dd75b894c0bc166c98eb7ded4f1f2c5c3b4b24573eea4b72b	10485	/Users/fan/Documents/视频工厂_v3_milestone_reference_locks_20260501/AGENTS.md	/Users/fan/Documents/视频工厂/归档_archive/外部工作区回收_external_workspace_recovery_20260502/视频工厂_v3_milestone_reference_locks_20260501/AGENTS.md
c73033a56e554981733aa892c4980b85f3cf442892b08c243ff559b1d75628d6	2688	/Users/fan/Documents/视频工厂_v3_milestone_reference_locks_20260501/dist/latest_review_pack/review_manifest.md	/Users/fan/Documents/视频工厂/归档_archive/外部工作区回收_external_workspace_recovery_20260502/视频工厂_v3_milestone_reference_locks_20260501/dist/latest_review_pack/review_manifest.md
e9d17956f09e57c38068bd4ccef23b9bc53fd20803e4e01a342a79d4890c43f0	5247	/Users/fan/Documents/视频工厂_v3_milestone_reference_locks_20260501/dist/latest_review_pack/summary.json	/Users/fan/Documents/视频工厂/归档_archive/外部工作区回收_external_workspace_recovery_20260502/视频工厂_v3_milestone_reference_locks_20260501/dist/latest_review_pack/summary.json
09be1f37b886ae9647a938d485efe373c6d497165ee62ebfd35d3b1914f655c8	2450	/Users/fan/Documents/视频工厂_v3_milestone_reference_locks_20260501/dist/latest_review_pack/cut_map.md	/Users/fan/Documents/视频工厂/归档_archive/外部工作区回收_external_workspace_recovery_20260502/视频工厂_v3_milestone_reference_locks_20260501/dist/latest_review_pack/cut_map.md
0cc928a7aa133f5ec0759f89cb7616b05afeb33330f91f4455b34f490561a088	66742	/Users/fan/Documents/视频工厂_v3_milestone_reference_locks_20260501/dist/latest_review_pack/AI做PPT踩坑_成品候选_v3_run_summary.json	/Users/fan/Documents/视频工厂/归档_archive/外部工作区回收_external_workspace_recovery_20260502/视频工厂_v3_milestone_reference_locks_20260501/dist/latest_review_pack/AI做PPT踩坑_成品候选_v3_run_summary.json
3e59116863924afdaa61ea5e077c85add669e040ed8bfe956b3373e0fe99f983	60294	/Users/fan/Documents/视频工厂_v3_milestone_reference_locks_20260501/codex_source/locked_reference_registry.md	/Users/fan/Documents/视频工厂/归档_archive/外部工作区回收_external_workspace_recovery_20260502/视频工厂_v3_milestone_reference_locks_20260501/codex_source/locked_reference_registry.md
262668a9f6e8ae272037c7d30b28c0bde6fc084f3c63634751fbbc20732b45c6	12213	/Users/fan/Documents/视频工厂_v3_milestone_reference_locks_20260501/codex_source/01_execution_rules.md	/Users/fan/Documents/视频工厂/归档_archive/外部工作区回收_external_workspace_recovery_20260502/视频工厂_v3_milestone_reference_locks_20260501/codex_source/01_execution_rules.md
a6d639e41aa8fd9360fc88ef27626706e0873024dc6274aeaf8ab322e6b16acb	6554	/Users/fan/Documents/视频工厂_v3_milestone_reference_locks_20260501/codex_source/15_v31视觉路由规则_v31_visual_routing_rules.md	/Users/fan/Documents/视频工厂/归档_archive/外部工作区回收_external_workspace_recovery_20260502/视频工厂_v3_milestone_reference_locks_20260501/codex_source/15_v31视觉路由规则_v31_visual_routing_rules.md
dd7f2706a8106ae22f60ba43aad848166b49792c874daf592a0994aa61406015	12175	/Users/fan/Documents/视频工厂_v3_milestone_reference_locks_20260501/codex_source/00_codex_readme.md	/Users/fan/Documents/视频工厂/归档_archive/外部工作区回收_external_workspace_recovery_20260502/视频工厂_v3_milestone_reference_locks_20260501/codex_source/00_codex_readme.md
407dce7ae572ee2313b528940f5fb483bf15eea734c29557830a01ef5e15af91	44077	/Users/fan/Documents/视频工厂_v3_milestone_reference_locks_20260501/codex_log/latest.md	/Users/fan/Documents/视频工厂/归档_archive/外部工作区回收_external_workspace_recovery_20260502/视频工厂_v3_milestone_reference_locks_20260501/codex_log/latest.md
f05372b699d741047cc3ed079edba685017ed05a647ee340aa81e34e80fe1a71	3939	/Users/fan/Documents/视频工厂_v3_milestone_reference_locks_20260501/codex_log/current_publish_target_light_evidence.md	/Users/fan/Documents/视频工厂/归档_archive/外部工作区回收_external_workspace_recovery_20260502/视频工厂_v3_milestone_reference_locks_20260501/codex_log/current_publish_target_light_evidence.md
bd3406a75b55ce2ae3841afa39a25af953ca95b4fc42cdf081995813f87fc30f	8139	/Users/fan/Documents/视频工厂_v3_milestone_reference_locks_20260501/codex_log/current_local_artifact_paths.md	/Users/fan/Documents/视频工厂/归档_archive/外部工作区回收_external_workspace_recovery_20260502/视频工厂_v3_milestone_reference_locks_20260501/codex_log/current_local_artifact_paths.md
71f1965ac2d3792565024f933a1324250e656dbcb1fdb058a4922734b9d6d997	3970	/Users/fan/Documents/视频工厂_v3_milestone_reference_locks_20260501/codex_log/current_publish_target.md	/Users/fan/Documents/视频工厂/归档_archive/外部工作区回收_external_workspace_recovery_20260502/视频工厂_v3_milestone_reference_locks_20260501/codex_log/current_publish_target.md
fcdc9666bd3f796be6ad385981e1fbf9c1d81d311014d110c97f4e83b8066ef2	14915	/Users/fan/Documents/视频工厂_v3_milestone_reference_locks_20260501/GPT数据源/08_当前正式事实.md	/Users/fan/Documents/视频工厂/归档_archive/外部工作区回收_external_workspace_recovery_20260502/视频工厂_v3_milestone_reference_locks_20260501/GPT数据源/08_当前正式事实.md
4d9393f6b2be48b66b6671c3e955f575925252a5f9825afa6dd0efc0837fbb2f	1882	/private/tmp/视频工厂_opening_anchor_20260428/素材库_assets/元素娃娃开头锚点_opening_anchor_20260428/README_开头锚点说明.md	/Users/fan/Documents/视频工厂/归档_archive/外部工作区回收_external_workspace_recovery_20260502/视频工厂_opening_anchor_20260428/素材库_assets/元素娃娃开头锚点_opening_anchor_20260428/README_开头锚点说明.md
aaa65ebb5bccb5653810b1b518e3fa6c6a0cd99be387ccb0f4fd5e4d7cf95f37	3727	/private/tmp/视频工厂_opening_anchor_20260428/codex_log/20260428_元素娃娃开头无字锚点固定.md	/Users/fan/Documents/视频工厂/归档_archive/外部工作区回收_external_workspace_recovery_20260502/视频工厂_opening_anchor_20260428/codex_log/20260428_元素娃娃开头无字锚点固定.md
643df4586d2828f43435d39821549a33076c9be9c24377dd5eedc16e968fe6f7	31347	/private/tmp/视频工厂_opening_anchor_20260428/codex_log/latest.md	/Users/fan/Documents/视频工厂/归档_archive/外部工作区回收_external_workspace_recovery_20260502/视频工厂_opening_anchor_20260428/codex_log/latest.md
66ac2271baff7571b8a5a4c31b23529d0bfe240947b10fbdff86b92e9da21ed8	13833	/private/tmp/视频工厂_opening_anchor_20260428/GPT数据源/08_当前正式事实.md	/Users/fan/Documents/视频工厂/归档_archive/外部工作区回收_external_workspace_recovery_20260502/视频工厂_opening_anchor_20260428/GPT数据源/08_当前正式事实.md
d905a13c243d20758f5d8e50e468fc654633aa625fcf111d3e43483b46ba61d2	9327	/private/tmp/视频工厂_opening_anchor_20260428/GPT数据源/06_当前主线锚点_API生成真人_用户录制素材_少量PPT_云端剪辑.md	/Users/fan/Documents/视频工厂/归档_archive/外部工作区回收_external_workspace_recovery_20260502/视频工厂_opening_anchor_20260428/GPT数据源/06_当前主线锚点_API生成真人_用户录制素材_少量PPT_云端剪辑.md
2acf11a6eca37ca36883c2c31e6927a325f28327ca7f5c033108c3873fe22240	31930	/private/tmp/视频工厂_real_ai_experience_mainline_20260428/codex_log/latest.md	/Users/fan/Documents/视频工厂/归档_archive/外部工作区回收_external_workspace_recovery_20260502/视频工厂_real_ai_experience_mainline_20260428/codex_log/latest.md
b35fe01e549fcccc7adec738c59dd073df0eea24bfed17be383ca4e06d36bca3	4902	/private/tmp/视频工厂_real_ai_experience_mainline_20260428/codex_log/20260428_项目口径调整_真实AI经验与工作提效实录.md	/Users/fan/Documents/视频工厂/归档_archive/外部工作区回收_external_workspace_recovery_20260502/视频工厂_real_ai_experience_mainline_20260428/codex_log/20260428_项目口径调整_真实AI经验与工作提效实录.md
d79459d11e23aec524200bb45864cbc86f8083ad83915786375482272ca34506	4943	/private/tmp/视频工厂_real_ai_experience_mainline_20260428/GPT数据源/02_术语定义与状态边界.md	/Users/fan/Documents/视频工厂/归档_archive/外部工作区回收_external_workspace_recovery_20260502/视频工厂_real_ai_experience_mainline_20260428/GPT数据源/02_术语定义与状态边界.md
d7b37eb0eca3fc106d74d0b476f51019afadd455e17e26e90fbdfebb18b89b72	6913	/private/tmp/视频工厂_real_ai_experience_mainline_20260428/GPT数据源/01_项目系统提示词.md	/Users/fan/Documents/视频工厂/归档_archive/外部工作区回收_external_workspace_recovery_20260502/视频工厂_real_ai_experience_mainline_20260428/GPT数据源/01_项目系统提示词.md
c05573204cee63a14d8ba11fe36eba9d3fc01b67976afb140e40d0064bfbb3a9	9760	/private/tmp/视频工厂_real_ai_experience_mainline_20260428/GPT数据源/05_文案路由规则.md	/Users/fan/Documents/视频工厂/归档_archive/外部工作区回收_external_workspace_recovery_20260502/视频工厂_real_ai_experience_mainline_20260428/GPT数据源/05_文案路由规则.md
388326938d28aa6c2294ce181563ad8643815fd1efa902bcd76b14edc33fa830	15250	/private/tmp/视频工厂_real_ai_experience_mainline_20260428/GPT数据源/08_当前正式事实.md	/Users/fan/Documents/视频工厂/归档_archive/外部工作区回收_external_workspace_recovery_20260502/视频工厂_real_ai_experience_mainline_20260428/GPT数据源/08_当前正式事实.md
43523d1fedd56980c4d7a1ec276bdaf509b7b6420e3f548a5339fb6c1f862438	15747	/private/tmp/视频工厂_real_ai_experience_mainline_20260428/GPT数据源/07_AI知识类视频价值规则.md	/Users/fan/Documents/视频工厂/归档_archive/外部工作区回收_external_workspace_recovery_20260502/视频工厂_real_ai_experience_mainline_20260428/GPT数据源/07_AI知识类视频价值规则.md
9960f35cd4a039befdd999eedc99e8b12399967825db5e4e5208c6faa2e665d0	9722	/private/tmp/视频工厂_real_ai_experience_mainline_20260428/GPT数据源/06_当前主线锚点_API生成真人_用户录制素材_少量PPT_云端剪辑.md	/Users/fan/Documents/视频工厂/归档_archive/外部工作区回收_external_workspace_recovery_20260502/视频工厂_real_ai_experience_mainline_20260428/GPT数据源/06_当前主线锚点_API生成真人_用户录制素材_少量PPT_云端剪辑.md
4a8ea5b1bc81f3657c7e351354242bcdf044653dfc6b3a5cd03594438633dd51	6959	/private/tmp/视频工厂_real_ai_experience_mainline_20260428/GPT数据源/09_目标态计划.md	/Users/fan/Documents/视频工厂/归档_archive/外部工作区回收_external_workspace_recovery_20260502/视频工厂_real_ai_experience_mainline_20260428/GPT数据源/09_目标态计划.md
d8df79452b8572f5b778961ca2039f8a083c6e17679243a123a14ac5e2bc201b	3917	/private/tmp/视频工厂_real_ai_experience_mainline_20260428/GPT数据源/00_项目总述.md	/Users/fan/Documents/视频工厂/归档_archive/外部工作区回收_external_workspace_recovery_20260502/视频工厂_real_ai_experience_mainline_20260428/GPT数据源/00_项目总述.md
